<?xml version="1.0" encoding="UTF-8"?><rss version="2.0"
	xmlns:content="http://purl.org/rss/1.0/modules/content/"
	xmlns:wfw="http://wellformedweb.org/CommentAPI/"
	xmlns:dc="http://purl.org/dc/elements/1.1/"
	xmlns:atom="http://www.w3.org/2005/Atom"
	xmlns:sy="http://purl.org/rss/1.0/modules/syndication/"
	xmlns:slash="http://purl.org/rss/1.0/modules/slash/"
	>

<channel>
	<title>Products &#8211; Audisound</title>
	<atom:link href="/store/feed/" rel="self" type="application/rss+xml" />
	<link>/</link>
	<description>Hearing aids factory  and supplier from China</description>
	<lastBuildDate>Thu, 31 Oct 2019 06:46:49 +0000</lastBuildDate>
	<language>en-US</language>
	<sy:updatePeriod>
	hourly	</sy:updatePeriod>
	<sy:updateFrequency>
	1	</sy:updateFrequency>
	<generator>https://wordpress.org/?v=5.2.4</generator>
	<item>
		<title>NEW Product 2019 Personal Mini Hearing Amplifier In Ear Cheap Hearing Aid JH-A50</title>
		<link>/product/new-product-2019-personal-mini-hearing-amplifier-in-ear-cheap-hearing-aid-jh-a50/</link>
				<comments>/product/new-product-2019-personal-mini-hearing-amplifier-in-ear-cheap-hearing-aid-jh-a50/#respond</comments>
				<pubDate>Thu, 31 Oct 2019 06:40:47 +0000</pubDate>
		<dc:creator><![CDATA[christian]]></dc:creator>
		
		<guid isPermaLink="false">/?post_type=product&#038;p=1320</guid>
				<description><![CDATA[<dl>
<dt>Place of Origin:</dt>
<dd>
<div>Guangdong, China</div>
</dd>
</dl>
<dl>
<dt>Brand Name:</dt>
<dd>
<div>OEM/ODM</div>
</dd>
</dl>
<dl>
<dt>Model Number:</dt>
<dd>
<div>JH-A50</div>
</dd>
</dl>
<dl>
<dt>Manufacturer:</dt>
<dd>
<div>Huizhou Jinghao Medical Technology Co</div>
</dd>
</dl>
<dl>
<dt>OEM/ODM:</dt>
<dd>
<div>Yes</div>
</dd>
</dl>
<dl>
<dt>Certificate:</dt>
<dd>
<div>ROHS,CE,ISO13458,MEDICAL CE</div>
</dd>
</dl>
<dl>
<dt>Color:</dt>
<dd>
<div>Beige, light coffee or OEM color</div>
</dd>
</dl>
<dl>
<dt>Accessories:</dt>
<dd>
<div>ear tips, battery, volume control tool</div>
</dd>
</dl>
<dl>
<dt>Properties:</dt>
<dd>
<div>ITE Analog Hearing Aid</div>
</dd>
</dl>
<dl>
<dt>Package:</dt>
<dd>
<div>One Yesmall and nice color box with master carton outsidear</div>
</dd>
</dl>
<dl>
<dt>Warranty:</dt>
<dd>
<div>1 year</div>
</dd>
</dl>
<dl>
<dt>Sample:</dt>
<dd>
<div>Sample is available</div>
</dd>
</dl>
<div>
<div>
<div>
<dl>
<dt>Supply Ability:</dt>
<dd>50000 Piece/Pieces per Month Welcome to trial order Digital Hearing Aids CIC</dd>
</dl>
</div>
</div>
</div>
<p>The post <a rel="nofollow" href="/product/new-product-2019-personal-mini-hearing-amplifier-in-ear-cheap-hearing-aid-jh-a50/">NEW Product 2019 Personal Mini Hearing Amplifier In Ear Cheap Hearing Aid JH-A50</a> appeared first on <a rel="nofollow" href="/">Audisound</a>.</p>
]]></description>
								<content:encoded><![CDATA[<dl>
<dt><img class="alignnone wp-image-1329 size-full" src="/wp-content/uploads/2019/10/TV-Shopping-Products-2019-Cheap-Price-Promotion-ITE-Hearing-Aid-1-1.jpg" alt="" width="750" height="750" srcset="/wp-content/uploads/2019/10/TV-Shopping-Products-2019-Cheap-Price-Promotion-ITE-Hearing-Aid-1-1.jpg 750w, /wp-content/uploads/2019/10/TV-Shopping-Products-2019-Cheap-Price-Promotion-ITE-Hearing-Aid-1-1-150x150.jpg 150w, /wp-content/uploads/2019/10/TV-Shopping-Products-2019-Cheap-Price-Promotion-ITE-Hearing-Aid-1-1-300x300.jpg 300w, /wp-content/uploads/2019/10/TV-Shopping-Products-2019-Cheap-Price-Promotion-ITE-Hearing-Aid-1-1-600x600.jpg 600w, /wp-content/uploads/2019/10/TV-Shopping-Products-2019-Cheap-Price-Promotion-ITE-Hearing-Aid-1-1-100x100.jpg 100w" sizes="(max-width: 750px) 100vw, 750px" /></dt>
<dt>Place of Origin:</dt>
<dd>
<div>Guangdong, China</div>
</dd>
</dl>
<dl>
<dt>Brand Name:</dt>
<dd>
<div>OEM/ODM</div>
</dd>
</dl>
<dl>
<dt>Model Number:</dt>
<dd>
<div>JH-A50</div>
</dd>
</dl>
<dl>
<dt>Manufacturer:</dt>
<dd>
<div>Huizhou Jinghao Medical Technology Co</div>
</dd>
</dl>
<dl>
<dt>OEM/ODM:</dt>
<dd>
<div>Yes</div>
</dd>
</dl>
<dl>
<dt>Certificate:</dt>
<dd>
<div>ROHS,CE,ISO13458,MEDICAL CE</div>
</dd>
</dl>
<dl>
<dt>Color:</dt>
<dd>
<div>Beige, light coffee or OEM color</div>
</dd>
</dl>
<dl>
<dt>Accessories:</dt>
<dd>
<div>ear tips, battery, volume control tool</div>
</dd>
</dl>
<dl>
<dt>Properties:</dt>
<dd>
<div>ITE Analog Hearing Aid</div>
</dd>
</dl>
<dl>
<dt>Package:</dt>
<dd>
<div>One Yesmall and nice color box with master carton outsider</div>
</dd>
</dl>
<dl>
<dt>Warranty:</dt>
<dd>
<div>1 year</div>
</dd>
</dl>
<dl>
<dt>Sample:</dt>
<dd>
<div>Sample is available</div>
</dd>
</dl>
<div>
<div>
<div>
<dl>
<dt>Supply Ability:</dt>
<dd>50000 Piece/Pieces per Month Welcome to trial order Digital Hearing Aids CIC</dd>
</dl>
</div>
</div>
<div>
<div>Packaging &amp; Delivery</div>
<div>
<dl>
<dt>Packaging Details</dt>
<dd>NEW Product 2019 Personal Mini Hearing Amplifier In-Ear Cheap Hearing Aid<br />
Small gift box with master carton outside<br />
Standard packing , neutral packing, your packing are welcome</dd>
</dl>
<dl>
<dt>Port</dt>
<dd>SHENZHEN PORT</dd>
</dl>
<dl>
<dt>Lead Time :</dt>
<dd>
<table>
<tbody>
<tr>
<td>Quantity(Pieces)</td>
<td>1 &#8211; 1000</td>
<td>&gt;1000</td>
</tr>
<tr>
<td>Est. Time(days)</td>
<td>15</td>
<td>To be negotiated</td>
</tr>
</tbody>
</table>
</dd>
</dl>
<table>
<tbody>
<tr>
<td colspan="2">
<div><b>TECHNICAL SPECIFICATION</b></div>
</td>
</tr>
<tr>
<td>
<div>Max Sound Output</div>
</td>
<td>
<div>120±3dB</div>
</td>
</tr>
<tr>
<td>
<div>Sound Gain</div>
</td>
<td>
<div>32dB±5</div>
</td>
</tr>
<tr>
<td>
<div>Frequency Range</div>
</td>
<td>
<div>400-3500Hz</div>
</td>
</tr>
<tr>
<td>
<div>Input Noise</div>
</td>
<td>
<div>≤30dB</div>
</td>
</tr>
<tr>
<td>
<div>Working Current</div>
</td>
<td>
<div>≤10mA</div>
</td>
</tr>
<tr>
<td>
<div>Total Harmonic Distortion</div>
</td>
<td>
<div>≤15%</div>
</td>
</tr>
<tr>
<td>
<div>Material</div>
</td>
<td>
<div>ABS</div>
</td>
</tr>
<tr>
<td>
<div>Logo</div>
</td>
<td>
<div>JINGHAO/OEM</div>
</td>
</tr>
<tr>
<td>
<div>Certifications</div>
</td>
<td>
<div>CE,ISO13485,ISO9001,Medical CE,Rohs,FDA</div>
</td>
</tr>
<tr>
<td>
<div>Warranty</div>
</td>
<td>
<div>1 year</div>
</td>
</tr>
<tr>
<td colspan="2">
<div><b>Note: This style suit for the Mild, Moderate Mild, Moderate hearing loss people</b></div>
</td>
</tr>
</tbody>
</table>
</div>
</div>
</div>
<p>The post <a rel="nofollow" href="/product/new-product-2019-personal-mini-hearing-amplifier-in-ear-cheap-hearing-aid-jh-a50/">NEW Product 2019 Personal Mini Hearing Amplifier In Ear Cheap Hearing Aid JH-A50</a> appeared first on <a rel="nofollow" href="/">Audisound</a>.</p>
]]></content:encoded>
							<wfw:commentRss>/product/new-product-2019-personal-mini-hearing-amplifier-in-ear-cheap-hearing-aid-jh-a50/feed/</wfw:commentRss>
		<slash:comments>0</slash:comments>
							</item>
		<item>
		<title>NEW Bluetooth Earphone Appearance ITE Mini Rechargeable Hearing Aids China factory private model</title>
		<link>/product/new-bluetooth-earphone-appearance-ite-mini-rechargeable-hearing-aids-china-factory-private-model/</link>
				<comments>/product/new-bluetooth-earphone-appearance-ite-mini-rechargeable-hearing-aids-china-factory-private-model/#respond</comments>
				<pubDate>Thu, 31 Oct 2019 06:19:56 +0000</pubDate>
		<dc:creator><![CDATA[christian]]></dc:creator>
		
		<guid isPermaLink="false">/?post_type=product&#038;p=1311</guid>
				<description><![CDATA[<p>1.Latest technology wireless earbuds with amplifying sound function, which can be used for hearing impairment people;<br />
2.Fashion design with high sound quality;<br />
3. Hearing loss group would not prefer people to know they are wearing a hearing aid device, and this item not only<br />
<span style="font-size: 16px;">4.help user to regain the sound but also can protect user's privacy because of the product's appearance ;<br />
</span>5.Big button and obvious indicator light, magnetic contact for recharge;<br />
6. With case and easy for recharge any time;<br />
7.Different size ear tips for different ear size.</p>
<p>The post <a rel="nofollow" href="/product/new-bluetooth-earphone-appearance-ite-mini-rechargeable-hearing-aids-china-factory-private-model/">NEW Bluetooth Earphone Appearance ITE Mini Rechargeable Hearing Aids China factory private model</a> appeared first on <a rel="nofollow" href="/">Audisound</a>.</p>
]]></description>
								<content:encoded><![CDATA[<table>
<tbody>
<tr>
<td>
<div><b>Color</b></div>
</td>
<td>
<div>Black/White</div>
</td>
</tr>
<tr>
<td>
<div><b>Frequency Range</b></div>
</td>
<td>
<div>400-4000Hz</div>
</td>
</tr>
<tr>
<td>
<div><b>Max OSPL90</b></div>
</td>
<td>
<div>&lt;=113dB ± 3dB</div>
</td>
</tr>
<tr>
<td>
<div><b>Average OSPL90</b></div>
</td>
<td>
<div>&lt;=109dB ± 4dB</div>
</td>
</tr>
<tr>
<td>
<div><b>Total Harmonic Wave Distortion</b></div>
</td>
<td>
<div>&lt;=7%</div>
</td>
</tr>
<tr>
<td>
<div><b>Reference Test Gain</b></div>
</td>
<td>
<div>23dB ±5dB</div>
</td>
</tr>
<tr>
<td>
<div><b>EQ Input Noise</b></div>
</td>
<td>
<div>29dB ±3dB</div>
</td>
</tr>
<tr>
<td>
<div><b>Battery</b></div>
</td>
<td>
<div>Built-in Lithium Battery</div>
</td>
</tr>
<tr>
<td>
<div><b>Hearing Loss</b></div>
</td>
<td>
<div>Moderate,Severe</div>
</td>
</tr>
<tr>
<td>
<div><b>Package</b></div>
</td>
<td>
<div>Color box</div>
</td>
</tr>
<tr>
<td>
<div><b>Certifications</b></div>
</td>
<td>
<div>CE,ROHS,ISO13485(Medical CE),Free Sale(CFS)</div>
</td>
</tr>
</tbody>
</table>
<p>The post <a rel="nofollow" href="/product/new-bluetooth-earphone-appearance-ite-mini-rechargeable-hearing-aids-china-factory-private-model/">NEW Bluetooth Earphone Appearance ITE Mini Rechargeable Hearing Aids China factory private model</a> appeared first on <a rel="nofollow" href="/">Audisound</a>.</p>
]]></content:encoded>
							<wfw:commentRss>/product/new-bluetooth-earphone-appearance-ite-mini-rechargeable-hearing-aids-china-factory-private-model/feed/</wfw:commentRss>
		<slash:comments>0</slash:comments>
							</item>
		<item>
		<title>G.Sound buds New Rechargeable Bluetooth 5.0 Mini Device Ear Amplifier W2 Digital Hearing Aid Tools</title>
		<link>/product/new-rechargeable-bluetooth-5-0-mini-device-ear-amplifier-digital-hearing-aid-tools/</link>
				<comments>/product/new-rechargeable-bluetooth-5-0-mini-device-ear-amplifier-digital-hearing-aid-tools/#respond</comments>
				<pubDate>Thu, 31 Oct 2019 05:35:51 +0000</pubDate>
		<dc:creator><![CDATA[christian]]></dc:creator>
		
		<guid isPermaLink="false">/?post_type=product&#038;p=1292</guid>
				<description><![CDATA[<p>Clearer call and sound effects Hands-free calling, free hands, you can answer the phone directly through the Bluetooth headset. Directly listen to streaming music, streaming video, streaming media calls. Adapt to various Bluetooth devices, TV, computer, telephone, etc. Easy to use Smart and portable, high-end magnetic charging stand. Automatic adsorption when charging. No need to &#8230;</p>
<p class="read-more"> <a class="" href="/product/new-rechargeable-bluetooth-5-0-mini-device-ear-amplifier-digital-hearing-aid-tools/"> <span class="screen-reader-text">G.Sound buds New Rechargeable Bluetooth 5.0 Mini Device Ear Amplifier W2 Digital Hearing Aid Tools</span> Read More &#187;</a></p>
<p>The post <a rel="nofollow" href="/product/new-rechargeable-bluetooth-5-0-mini-device-ear-amplifier-digital-hearing-aid-tools/">G.Sound buds New Rechargeable Bluetooth 5.0 Mini Device Ear Amplifier W2 Digital Hearing Aid Tools</a> appeared first on <a rel="nofollow" href="/">Audisound</a>.</p>
]]></description>
								<content:encoded><![CDATA[<h3>Clearer call and sound effects</h3>
<ol>
<li>Hands-free calling, free hands, you can answer the phone directly through the Bluetooth headset.</li>
<li>Directly listen to streaming music, streaming video, streaming media calls.</li>
<li>Adapt to various Bluetooth devices, TV, computer, telephone, etc.</li>
</ol>
<h3>Easy to use</h3>
<figure id="attachment_1305" aria-describedby="caption-attachment-1305" style="width: 750px" class="wp-caption alignnone"><img class="wp-image-1305 size-full" src="/wp-content/uploads/2019/10/GSound-Buds-Wireless-V5.0-Ear-Hearing-Earphones-for-Deaf-with-Magnetic-Charging-Box-51.jpg" alt="" width="750" height="750" srcset="/wp-content/uploads/2019/10/GSound-Buds-Wireless-V5.0-Ear-Hearing-Earphones-for-Deaf-with-Magnetic-Charging-Box-51.jpg 750w, /wp-content/uploads/2019/10/GSound-Buds-Wireless-V5.0-Ear-Hearing-Earphones-for-Deaf-with-Magnetic-Charging-Box-51-150x150.jpg 150w, /wp-content/uploads/2019/10/GSound-Buds-Wireless-V5.0-Ear-Hearing-Earphones-for-Deaf-with-Magnetic-Charging-Box-51-300x300.jpg 300w, /wp-content/uploads/2019/10/GSound-Buds-Wireless-V5.0-Ear-Hearing-Earphones-for-Deaf-with-Magnetic-Charging-Box-51-600x600.jpg 600w, /wp-content/uploads/2019/10/GSound-Buds-Wireless-V5.0-Ear-Hearing-Earphones-for-Deaf-with-Magnetic-Charging-Box-51-100x100.jpg 100w" sizes="(max-width: 750px) 100vw, 750px" /><figcaption id="caption-attachment-1305" class="wp-caption-text">Bluetooth Hearing Aids</figcaption></figure>
<ol>
<li>Smart and portable, high-end magnetic charging stand. Automatic adsorption when charging.</li>
<li>No need to install the app, directly control the volume of the headset through Android or Apple phones. Or control the volume of the hearing aid through the buttons on the headset.</li>
<li>Automatically switch the usage scene and use it as a normal hearing aid when there is no incoming call. It is used as a Bluetooth headset with a hearing aid function when calling.</li>
</ol>
<h3>Sophisticated and comfortable</h3>
<ol>
<li>1.ITE in-ear style. The earplugs are made of medical silicone and have good flexibility. It will not feel uncomfortable to wear for a long time.</li>
<li>Lightweight and portable, you can carry it in your pocket.</li>
<li>The appearance is small and concealed, and the shape of the ordinary Bluetooth headset is the same. It is not a hearing aid that is more easily accepted by users.</li>
</ol>
<h3>Perfect performance</h3>
<p><img class="alignnone wp-image-1299 size-full" src="/wp-content/uploads/2019/10/GSound-Buds-Wireless-V5.0-Ear-Hearing-Earphones-for-Deaf-with-Magnetic-Charging-Box-18.jpg" alt="" width="750" height="750" srcset="/wp-content/uploads/2019/10/GSound-Buds-Wireless-V5.0-Ear-Hearing-Earphones-for-Deaf-with-Magnetic-Charging-Box-18.jpg 750w, /wp-content/uploads/2019/10/GSound-Buds-Wireless-V5.0-Ear-Hearing-Earphones-for-Deaf-with-Magnetic-Charging-Box-18-150x150.jpg 150w, /wp-content/uploads/2019/10/GSound-Buds-Wireless-V5.0-Ear-Hearing-Earphones-for-Deaf-with-Magnetic-Charging-Box-18-300x300.jpg 300w, /wp-content/uploads/2019/10/GSound-Buds-Wireless-V5.0-Ear-Hearing-Earphones-for-Deaf-with-Magnetic-Charging-Box-18-600x600.jpg 600w, /wp-content/uploads/2019/10/GSound-Buds-Wireless-V5.0-Ear-Hearing-Earphones-for-Deaf-with-Magnetic-Charging-Box-18-100x100.jpg 100w" sizes="(max-width: 750px) 100vw, 750px" /></p>
<p><img class="alignnone wp-image-1298 size-full" src="/wp-content/uploads/2019/10/GSound-Buds-Wireless-V5.0-Ear-Hearing-Earphones-for-Deaf-with-Magnetic-Charging-Box-15.jpg" alt="" width="750" height="750" srcset="/wp-content/uploads/2019/10/GSound-Buds-Wireless-V5.0-Ear-Hearing-Earphones-for-Deaf-with-Magnetic-Charging-Box-15.jpg 750w, /wp-content/uploads/2019/10/GSound-Buds-Wireless-V5.0-Ear-Hearing-Earphones-for-Deaf-with-Magnetic-Charging-Box-15-150x150.jpg 150w, /wp-content/uploads/2019/10/GSound-Buds-Wireless-V5.0-Ear-Hearing-Earphones-for-Deaf-with-Magnetic-Charging-Box-15-300x300.jpg 300w, /wp-content/uploads/2019/10/GSound-Buds-Wireless-V5.0-Ear-Hearing-Earphones-for-Deaf-with-Magnetic-Charging-Box-15-600x600.jpg 600w, /wp-content/uploads/2019/10/GSound-Buds-Wireless-V5.0-Ear-Hearing-Earphones-for-Deaf-with-Magnetic-Charging-Box-15-100x100.jpg 100w" sizes="(max-width: 750px) 100vw, 750px" /></p>
<ol>
<li>The charge time is only 1.5 hours / the hearing aid time is 36 hours.</li>
<li>Shield the surrounding noise to make the call and hearing aids clearer.</li>
<li>Dynamic noise reduction chip, Jinhao digital hearing aid built-in chip noise reduction technology, making the language effect clearer.</li>
<li>4.2019 newly developed products, one of the few ITE Bluetooth headsets/hearing aids on the market.</li>
<li>Bluetooth 5.0 technology, the transmission distance can reach 10meters.</li>
</ol>
<div class="mceTemp"></div>
<p><img class="alignnone wp-image-1296 size-full" src="/wp-content/uploads/2019/10/GSound-Buds-Wireless-V5.0-Ear-Hearing-Earphones-for-Deaf-with-Magnetic-Charging-Box-4.jpg" alt="" width="750" height="750" srcset="/wp-content/uploads/2019/10/GSound-Buds-Wireless-V5.0-Ear-Hearing-Earphones-for-Deaf-with-Magnetic-Charging-Box-4.jpg 750w, /wp-content/uploads/2019/10/GSound-Buds-Wireless-V5.0-Ear-Hearing-Earphones-for-Deaf-with-Magnetic-Charging-Box-4-150x150.jpg 150w, /wp-content/uploads/2019/10/GSound-Buds-Wireless-V5.0-Ear-Hearing-Earphones-for-Deaf-with-Magnetic-Charging-Box-4-300x300.jpg 300w, /wp-content/uploads/2019/10/GSound-Buds-Wireless-V5.0-Ear-Hearing-Earphones-for-Deaf-with-Magnetic-Charging-Box-4-600x600.jpg 600w, /wp-content/uploads/2019/10/GSound-Buds-Wireless-V5.0-Ear-Hearing-Earphones-for-Deaf-with-Magnetic-Charging-Box-4-100x100.jpg 100w" sizes="(max-width: 750px) 100vw, 750px" /> <img class="alignnone wp-image-1301 size-full" src="/wp-content/uploads/2019/10/GSound-Buds-Wireless-V5.0-Ear-Hearing-Earphones-for-Deaf-with-Magnetic-Charging-Box-38.jpg" alt="" width="750" height="750" srcset="/wp-content/uploads/2019/10/GSound-Buds-Wireless-V5.0-Ear-Hearing-Earphones-for-Deaf-with-Magnetic-Charging-Box-38.jpg 750w, /wp-content/uploads/2019/10/GSound-Buds-Wireless-V5.0-Ear-Hearing-Earphones-for-Deaf-with-Magnetic-Charging-Box-38-150x150.jpg 150w, /wp-content/uploads/2019/10/GSound-Buds-Wireless-V5.0-Ear-Hearing-Earphones-for-Deaf-with-Magnetic-Charging-Box-38-300x300.jpg 300w, /wp-content/uploads/2019/10/GSound-Buds-Wireless-V5.0-Ear-Hearing-Earphones-for-Deaf-with-Magnetic-Charging-Box-38-600x600.jpg 600w, /wp-content/uploads/2019/10/GSound-Buds-Wireless-V5.0-Ear-Hearing-Earphones-for-Deaf-with-Magnetic-Charging-Box-38-100x100.jpg 100w" sizes="(max-width: 750px) 100vw, 750px" /> <img class="alignnone wp-image-1300 size-full" src="/wp-content/uploads/2019/10/GSound-Buds-Wireless-V5.0-Ear-Hearing-Earphones-for-Deaf-with-Magnetic-Charging-Box-19.jpg" alt="" width="750" height="750" srcset="/wp-content/uploads/2019/10/GSound-Buds-Wireless-V5.0-Ear-Hearing-Earphones-for-Deaf-with-Magnetic-Charging-Box-19.jpg 750w, /wp-content/uploads/2019/10/GSound-Buds-Wireless-V5.0-Ear-Hearing-Earphones-for-Deaf-with-Magnetic-Charging-Box-19-150x150.jpg 150w, /wp-content/uploads/2019/10/GSound-Buds-Wireless-V5.0-Ear-Hearing-Earphones-for-Deaf-with-Magnetic-Charging-Box-19-300x300.jpg 300w, /wp-content/uploads/2019/10/GSound-Buds-Wireless-V5.0-Ear-Hearing-Earphones-for-Deaf-with-Magnetic-Charging-Box-19-600x600.jpg 600w, /wp-content/uploads/2019/10/GSound-Buds-Wireless-V5.0-Ear-Hearing-Earphones-for-Deaf-with-Magnetic-Charging-Box-19-100x100.jpg 100w" sizes="(max-width: 750px) 100vw, 750px" />   <img class="alignnone wp-image-1297 size-full" src="/wp-content/uploads/2019/10/GSound-Buds-Wireless-V5.0-Ear-Hearing-Earphones-for-Deaf-with-Magnetic-Charging-Box-5.jpg" alt="" width="750" height="750" srcset="/wp-content/uploads/2019/10/GSound-Buds-Wireless-V5.0-Ear-Hearing-Earphones-for-Deaf-with-Magnetic-Charging-Box-5.jpg 750w, /wp-content/uploads/2019/10/GSound-Buds-Wireless-V5.0-Ear-Hearing-Earphones-for-Deaf-with-Magnetic-Charging-Box-5-150x150.jpg 150w, /wp-content/uploads/2019/10/GSound-Buds-Wireless-V5.0-Ear-Hearing-Earphones-for-Deaf-with-Magnetic-Charging-Box-5-300x300.jpg 300w, /wp-content/uploads/2019/10/GSound-Buds-Wireless-V5.0-Ear-Hearing-Earphones-for-Deaf-with-Magnetic-Charging-Box-5-600x600.jpg 600w, /wp-content/uploads/2019/10/GSound-Buds-Wireless-V5.0-Ear-Hearing-Earphones-for-Deaf-with-Magnetic-Charging-Box-5-100x100.jpg 100w" sizes="(max-width: 750px) 100vw, 750px" /></p>
<p>The post <a rel="nofollow" href="/product/new-rechargeable-bluetooth-5-0-mini-device-ear-amplifier-digital-hearing-aid-tools/">G.Sound buds New Rechargeable Bluetooth 5.0 Mini Device Ear Amplifier W2 Digital Hearing Aid Tools</a> appeared first on <a rel="nofollow" href="/">Audisound</a>.</p>
]]></content:encoded>
							<wfw:commentRss>/product/new-rechargeable-bluetooth-5-0-mini-device-ear-amplifier-digital-hearing-aid-tools/feed/</wfw:commentRss>
		<slash:comments>0</slash:comments>
							</item>
		<item>
		<title>Noise Canceling IPX8 Waterproof Digital Hearing Aids  D19</title>
		<link>/product/noise-canceling-ipx8-waterproof-digital-hearing-aids-d19/</link>
				<comments>/product/noise-canceling-ipx8-waterproof-digital-hearing-aids-d19/#respond</comments>
				<pubDate>Thu, 31 Oct 2019 03:27:06 +0000</pubDate>
		<dc:creator><![CDATA[christian]]></dc:creator>
		
		<guid isPermaLink="false">/?post_type=product&#038;p=1283</guid>
				<description><![CDATA[<ul>
<li>IPX8  water-resistant hearing aids</li>
<li>Super Efficient Power Consumption</li>
<li>320+ hour Battery Life</li>
<li>All Day comfort with this small, discreet device</li>
<li>Easy one-finger operation</li>
<li>Active digital digital</li>
<li>Modern Stylish Design and Ready to wear</li>
</ul>
<p>The post <a rel="nofollow" href="/product/noise-canceling-ipx8-waterproof-digital-hearing-aids-d19/">Noise Canceling IPX8 Waterproof Digital Hearing Aids  D19</a> appeared first on <a rel="nofollow" href="/">Audisound</a>.</p>
]]></description>
								<content:encoded><![CDATA[<div id="ali-title-AliPostDhMb-i0eqh">Product Description</div>
<div><strong>HEARING AIDS:</strong></div>
<div>&#8211; 100% Digital processing for exceptional sound quality<br />
&#8211; 4 channels WDRC amplifier<br />
&#8211; 4 bands frequency shaping<br />
&#8211; Wideband MPO<br />
&#8211; Open-fit design, easy operating<br />
&#8211; AFC Adaptivefeedback cancellation<br />
&#8211; Low battery warning<br />
&#8211; Low power consumption<br />
&#8211; Multifunction rocker switch<strong></p>
<p>4 Preset Configurations:<br />
</strong>&#8211; Speech (default)<br />
&#8211; Restaurant Noise<br />
&#8211; Road Noise<br />
&#8211; Outdoor Noise</div>
<div></div>
<div>Feature<br />
Housing Design Open-fit<br />
Processing Digital 4ch<br />
Volume control Rocker-type II<br />
Measurement<br />
Peak OSPL90(dB SPL) 135<br />
OSPL90-HFA(dB SPL) 125<br />
Peak Gain(dB) 78<br />
HFA/FOG(dB) 61.5<br />
Reference test gain(dB) 20<br />
Frequency Range(Hz) 200-4500<br />
EQ input noise(dB) 20<br />
Battery Size A13<br />
Battery Current(mA) 3<br />
Total Harmonic Distort 500Hz 7<br />
Total Harmonic Distort 800Hz 7<br />
Total Harmonic Distort 1600Hz 7<br />
Induction Coil Sensitivity(dB) 107</div>
<div></div>
<div>
<div>
<p><strong>FEATURES</strong></p>
<p>• Super Efficient Power Consumption<br />
• 320+ hour Battery Life<br />
• All Day comfort with this small, discreet device<br />
• Easy one-finger operation<br />
• Active digital digital<br />
• Modern Stylish Design and Ready to wear</p>
<p><strong>What’s in the Kit? </strong></div>
<div>• Premium wireless Hearing Amplifier<br />
• Compact carrying case<br />
• 4 Different size ear tips for a good fit and comfort<br />
• Two batteries / UK long batteries is an option<br />
• Cleaning brush<br />
• Easy to read instructions</div>
<div></div>
<div>
<table>
<tbody>
<tr>
<td>Certification Name</td>
<td>Certified By</td>
</tr>
<tr>
<td>ISO 9001:2008</td>
<td>SGS</td>
</tr>
<tr>
<td>ISO 13485:2003</td>
<td>SGS</td>
</tr>
<tr>
<td>Medical CE</td>
<td>SGS</td>
</tr>
<tr>
<td>RoHS</td>
<td>Anbotek</td>
</tr>
<tr>
<td>Electronic CE</td>
<td>Anbotek</td>
</tr>
<tr>
<td>FDA</td>
<td>U.S. Food and Drug Administration</td>
</tr>
</tbody>
</table>
</div>
</div>
<div></div>
<div></div>
<p>The post <a rel="nofollow" href="/product/noise-canceling-ipx8-waterproof-digital-hearing-aids-d19/">Noise Canceling IPX8 Waterproof Digital Hearing Aids  D19</a> appeared first on <a rel="nofollow" href="/">Audisound</a>.</p>
]]></content:encoded>
							<wfw:commentRss>/product/noise-canceling-ipx8-waterproof-digital-hearing-aids-d19/feed/</wfw:commentRss>
		<slash:comments>0</slash:comments>
							</item>
		<item>
		<title>D18 traditional BTE hearing aids from China</title>
		<link>/product/d18-traditional-bte-hearing-aids-from-china/</link>
				<comments>/product/d18-traditional-bte-hearing-aids-from-china/#respond</comments>
				<pubDate>Thu, 31 Oct 2019 03:20:51 +0000</pubDate>
		<dc:creator><![CDATA[christian]]></dc:creator>
		
		<guid isPermaLink="false">/?post_type=product&#038;p=1277</guid>
				<description><![CDATA[<ul>
<li>CE, ISO, FDA approved hearing aids.</li>
<li>long battery time 10 days!</li>
</ul>
<p>The post <a rel="nofollow" href="/product/d18-traditional-bte-hearing-aids-from-china/">D18 traditional BTE hearing aids from China</a> appeared first on <a rel="nofollow" href="/">Audisound</a>.</p>
]]></description>
								<content:encoded><![CDATA[<table>
<tbody>
<tr>
<td colspan="2">
<div><b>Specification</b></div>
</td>
</tr>
<tr>
<td>
<div>Modes</div>
</td>
<td>
<div>Full Range Frequency</p>
<p>Noise Reduction Processing</p>
<p>Telephone Answering</p></div>
</td>
</tr>
<tr>
<td>
<div>Two fine-tuning setting</div>
</td>
<td>
<div>NH &amp; MPO control</div>
</td>
</tr>
<tr>
<td>
<div>Max Sound Output</div>
</td>
<td>
<div>125dB/ 135dB/ 142dB ± 3 dB</div>
</td>
</tr>
<tr>
<td>
<div>Sound Gain</div>
</td>
<td>
<div>≥65±3dB</div>
</td>
</tr>
<tr>
<td>
<div>Total Harmonic Wave</div>
</td>
<td>
<div>≤3%</div>
</td>
</tr>
<tr>
<td>
<div>Frequency Range</div>
</td>
<td>
<div>200-5000Hz</div>
</td>
</tr>
<tr>
<td>
<div>Working Hours</div>
</td>
<td>
<div>210 hours</div>
</td>
</tr>
<tr>
<td>
<div>Input Noise</div>
</td>
<td>
<div>≤20dB</div>
</td>
</tr>
<tr>
<td>
<div>Channel</div>
</td>
<td>
<div>4 channel</div>
</td>
</tr>
<tr>
<td>
<div>Battery</div>
</td>
<td>
<div>A13</div>
</td>
</tr>
<tr>
<td>
<div>Hearing Loss</div>
</td>
<td>
<div>Moderate, Severe, Profound</div>
</td>
</tr>
<tr>
<td>
<div>Certifications</div>
</td>
<td>
<div>CE,ROHS,ISO13485(Medical CE),Free Sale(CFS)</div>
</td>
</tr>
</tbody>
</table>
<p>The post <a rel="nofollow" href="/product/d18-traditional-bte-hearing-aids-from-china/">D18 traditional BTE hearing aids from China</a> appeared first on <a rel="nofollow" href="/">Audisound</a>.</p>
]]></content:encoded>
							<wfw:commentRss>/product/d18-traditional-bte-hearing-aids-from-china/feed/</wfw:commentRss>
		<slash:comments>0</slash:comments>
							</item>
		<item>
		<title>FDA Ear Amplifier Supplier China Digital Hearing Aids D16</title>
		<link>/product/fda-ear-amplifier-supplier-china-digital-hearing-aids-d16/</link>
				<comments>/product/fda-ear-amplifier-supplier-china-digital-hearing-aids-d16/#respond</comments>
				<pubDate>Thu, 31 Oct 2019 02:49:15 +0000</pubDate>
		<dc:creator><![CDATA[christian]]></dc:creator>
		
		<guid isPermaLink="false">/?post_type=product&#038;p=1267</guid>
				<description><![CDATA[<p>Digital hearing aids with volume adjust switcher</p>
<p>4 hearing aids mode switch</p>
<p>open fit design</p>
<p>&#160;</p>
<p>The post <a rel="nofollow" href="/product/fda-ear-amplifier-supplier-china-digital-hearing-aids-d16/">FDA Ear Amplifier Supplier China Digital Hearing Aids D16</a> appeared first on <a rel="nofollow" href="/">Audisound</a>.</p>
]]></description>
								<content:encoded><![CDATA[<div class="reader-header">
<div class="reader-header-separator"></div>
</div>
<div>
<table>
<tbody>
<tr>
<td>
<div>Frequency Range:</div>
</td>
<td>
<div>200-4200Hz</div>
</td>
</tr>
<tr>
<td>
<div>Max. output level:</div>
</td>
<td>
<div>113 dB ± 3 dB</div>
</td>
</tr>
<tr>
<td>
<div>Sound amplification:</div>
</td>
<td>
<div>40 dB ± 5 dB</div>
</td>
</tr>
<tr>
<td>
<div>Total Harmonic Wave Distortion:</div>
</td>
<td>
<div>&lt;= 2%</div>
</td>
</tr>
<tr>
<td>
<div>Input noise:</div>
</td>
<td>
<div>≤ 20dB</div>
</td>
</tr>
<tr>
<td>
<div>Power supply:</div>
</td>
<td>
<div>≤ 3mA</div>
</td>
</tr>
<tr>
<td>
<div>Battery:</div>
</td>
<td>
<div>A13</div>
</td>
</tr>
<tr>
<td>
<div><i><u>Working Time:</u></i></div>
</td>
<td>
<div><u>300 hours</u></div>
</td>
</tr>
<tr>
<td>
<div>Certifications:</div>
</td>
<td>
<div>CE,ROHS,ISO13485(Medical CE),Free Sale(CFS)</div>
</td>
</tr>
</tbody>
</table>
<p><img class="alignnone wp-image-1273 size-full" src="/wp-content/uploads/2019/10/D16-digital-hearing-aid_02.jpg" alt="" width="1000" height="723" srcset="/wp-content/uploads/2019/10/D16-digital-hearing-aid_02.jpg 1000w, /wp-content/uploads/2019/10/D16-digital-hearing-aid_02-300x217.jpg 300w, /wp-content/uploads/2019/10/D16-digital-hearing-aid_02-768x555.jpg 768w, /wp-content/uploads/2019/10/D16-digital-hearing-aid_02-600x434.jpg 600w" sizes="(max-width: 1000px) 100vw, 1000px" /> <img class="alignnone wp-image-1274 size-full" src="/wp-content/uploads/2019/10/D16-digital-hearing-aid_08.jpg" alt="" width="1000" height="1164" srcset="/wp-content/uploads/2019/10/D16-digital-hearing-aid_08.jpg 1000w, /wp-content/uploads/2019/10/D16-digital-hearing-aid_08-258x300.jpg 258w, /wp-content/uploads/2019/10/D16-digital-hearing-aid_08-768x894.jpg 768w, /wp-content/uploads/2019/10/D16-digital-hearing-aid_08-880x1024.jpg 880w, /wp-content/uploads/2019/10/D16-digital-hearing-aid_08-600x698.jpg 600w" sizes="(max-width: 1000px) 100vw, 1000px" /> <img class="alignnone wp-image-1275 size-full" src="/wp-content/uploads/2019/10/D16-digital-hearing-aid_12.jpg" alt="" width="1000" height="1660" srcset="/wp-content/uploads/2019/10/D16-digital-hearing-aid_12.jpg 1000w, /wp-content/uploads/2019/10/D16-digital-hearing-aid_12-181x300.jpg 181w, /wp-content/uploads/2019/10/D16-digital-hearing-aid_12-768x1275.jpg 768w, /wp-content/uploads/2019/10/D16-digital-hearing-aid_12-617x1024.jpg 617w, /wp-content/uploads/2019/10/D16-digital-hearing-aid_12-600x996.jpg 600w" sizes="(max-width: 1000px) 100vw, 1000px" /> <img class="alignnone wp-image-1276 size-full" src="/wp-content/uploads/2019/10/D16-digital-hearing-aid_13.jpg" alt="" width="1000" height="667" srcset="/wp-content/uploads/2019/10/D16-digital-hearing-aid_13.jpg 1000w, /wp-content/uploads/2019/10/D16-digital-hearing-aid_13-300x200.jpg 300w, /wp-content/uploads/2019/10/D16-digital-hearing-aid_13-768x512.jpg 768w, /wp-content/uploads/2019/10/D16-digital-hearing-aid_13-600x400.jpg 600w" sizes="(max-width: 1000px) 100vw, 1000px" /></p>
</div>
<p>The post <a rel="nofollow" href="/product/fda-ear-amplifier-supplier-china-digital-hearing-aids-d16/">FDA Ear Amplifier Supplier China Digital Hearing Aids D16</a> appeared first on <a rel="nofollow" href="/">Audisound</a>.</p>
]]></content:encoded>
							<wfw:commentRss>/product/fda-ear-amplifier-supplier-china-digital-hearing-aids-d16/feed/</wfw:commentRss>
		<slash:comments>0</slash:comments>
							</item>
		<item>
		<title>High Quality Digital Touch-tone Hearing Aid Price In Market D-10</title>
		<link>/product/high-quality-digital-touch-tone-hearing-aid-price-in-market-d-10/</link>
				<comments>/product/high-quality-digital-touch-tone-hearing-aid-price-in-market-d-10/#respond</comments>
				<pubDate>Thu, 31 Oct 2019 02:31:49 +0000</pubDate>
		<dc:creator><![CDATA[christian]]></dc:creator>
		
		<guid isPermaLink="false">/?post_type=product&#038;p=1262</guid>
				<description><![CDATA[<ul>
<li><strong>Item: </strong>JH-D10</li>
<li><strong>Saturated Sound Pressure Level: </strong>133±2dB</li>
<li><strong>Sound Gain: </strong>&#62;=70±4dB</li>
<li><strong>Total Harmonic Wave Distortion: </strong>≤6%</li>
<li><strong>Frequency Range: </strong>200-4500Hz</li>
<li><strong>Working Hours: </strong>56hours</li>
<li><strong>Input Noise: </strong>&#60;=25dB</li>
<li><strong>Voltage: </strong>DC1.5V</li>
<li><strong>Current: </strong>&#60;=3.0mA</li>
<li><strong>Battery size: </strong>Ag13/LR44</li>
</ul>
<p>The post <a rel="nofollow" href="/product/high-quality-digital-touch-tone-hearing-aid-price-in-market-d-10/">High Quality Digital Touch-tone Hearing Aid Price In Market D-10</a> appeared first on <a rel="nofollow" href="/">Audisound</a>.</p>
]]></description>
								<content:encoded><![CDATA[<p><strong>The sample is available      OEM Service    Trade Insurance Service</strong></p>
<p><strong>Feature</strong></p>
<p>1) DSP Chip (digital signal processor)</p>
<p>2) Digital Sound Output: low distortion, low noise</p>
<p>3) Speaker Noise Control</p>
<p>4) extra firm and moisture-proof outfit</p>
<p>5) Two fine-tuning settings: Low-frequency attenuation &amp; MPO control</p>
<p><strong>Digital Touch-tone Hearing Aid</strong><strong> Description</strong></p>
<p><strong>Fine-tune Window</strong></p>
<p>The left one is noise-cut fine-tuning which could cut down the low frequency noise and<br />
enlarge the high-frequency voice</p>
<p>The right one is MPO control fine-tuning, which can control the Maximum Output Sound<br />
Pressure Level, the Maximum Sound Gain, and the Average Sound Gain.</p>
<p><strong>Mode Status:</strong><br />
Tune on: full range frequency mode.<br />
Click on the Mode Swapping Button:<br />
&#8220;DI&#8221; : Full Range Frequency mode &#8211;contain all the sounds in low and high frequencies;<br />
&#8220;DIDI&#8221; : Noise Cut mode&#8211;normally used in the noisy environment, cut the noise in low<br />
frequency and decrease the high frequency;<br />
&#8220;DIDIDI&#8221;:  the telephone mode, used in answering phone calls or other environment<br />
with inductive loop, such as watching TV</p>
<p>The post <a rel="nofollow" href="/product/high-quality-digital-touch-tone-hearing-aid-price-in-market-d-10/">High Quality Digital Touch-tone Hearing Aid Price In Market D-10</a> appeared first on <a rel="nofollow" href="/">Audisound</a>.</p>
]]></content:encoded>
							<wfw:commentRss>/product/high-quality-digital-touch-tone-hearing-aid-price-in-market-d-10/feed/</wfw:commentRss>
		<slash:comments>0</slash:comments>
							</item>
		<item>
		<title>JH-A17 Ear Machine For Deaf Invisible Medical Ear Mini CIC Hearing Aids For Sale</title>
		<link>/product/ear-machine-for-deaf-invisible-medical-ear-mini-cic-hearing-aids-for-sale/</link>
				<comments>/product/ear-machine-for-deaf-invisible-medical-ear-mini-cic-hearing-aids-for-sale/#respond</comments>
				<pubDate>Thu, 31 Oct 2019 02:21:10 +0000</pubDate>
		<dc:creator><![CDATA[christian]]></dc:creator>
		
		<guid isPermaLink="false">/?post_type=product&#038;p=1255</guid>
				<description><![CDATA[<dl>
<dt>Place of Origin:</dt>
<dd>
<div>Guangdong, China</div>
</dd>
</dl>
<dl>
<dt>Brand Name:</dt>
<dd>
<div>OEM or Jinghao</div>
</dd>
</dl>
<dl>
<dt>Model Number:</dt>
<dd>
<div>JH-A17</div>
</dd>
</dl>
<dl>
<dt>Product name:</dt>
<dd>
<div>Invisible Medical Ear Sound Amplifier CIC Hearing Aids</div>
</dd>
</dl>
<dl>
<dt>Moder type::</dt>
<dd>
<div>CIC Hearing Aid (Analog/ Digital)</div>
</dd>
</dl>
<dl>
<dt>Material::</dt>
<dd>
<div>ABS</div>
</dd>
</dl>
<dl>
<dt>Certificate:</dt>
<dd>
<div>FDA, CE, ISO13485, ISO900, Medical CE, Rohs, FDA</div>
</dd>
</dl>
<dl>
<dt>Max Sound Output::</dt>
<dd>
<div>110±5dB</div>
</dd>
</dl>
<dl>
<dt>Sound Gain::</dt>
<dd>
<div>≥ 40dB</div>
</dd>
</dl>
<dl>
<dt>Input Noise::</dt>
<dd>
<div>≤30dB</div>
</dd>
</dl>
<dl>
<dt>Warranty:</dt>
<dd>
<div>One Year Warranty for high-quality factory sale digital hearing aids</div>
</dd>
</dl>
<dl>
<dt>Accessory:</dt>
<dd>
<div>Ear tips, Batteries (cleaning tools)</div>
</dd>
</dl>
<p>The post <a rel="nofollow" href="/product/ear-machine-for-deaf-invisible-medical-ear-mini-cic-hearing-aids-for-sale/">JH-A17 Ear Machine For Deaf Invisible Medical Ear Mini CIC Hearing Aids For Sale</a> appeared first on <a rel="nofollow" href="/">Audisound</a>.</p>
]]></description>
								<content:encoded><![CDATA[<div>
<div></div>
</div>
<div>
<div><span style="font-size: 16px; font-weight: bold;">Supply Ability:</span></div>
<div>
<dl>
<dd>50000 Piece/Pieces per Month Welcome to trial an order Mini Ear Aid Device</dd>
</dl>
</div>
</div>
<div>
<div><span style="font-size: 16px; font-weight: bold;">Packaging Details</span></div>
<div>
<dl>
<dd>Invisible Medical Ear Sound Amplifier CIC Hearing Aids<br />
White / Black firm plastic case.<br />
(All OEM packages )<br />
Packed accessories: special ear tips, batteries and cleaning tools</dd>
</dl>
<dl>
<dt>Port</dt>
<dd>SHENZHEN PORT</dd>
</dl>
<dl>
<dt>Lead Time :</dt>
<dd>
<table>
<tbody>
<tr>
<td>Quantity(Pieces)</td>
<td>1 &#8211; 20</td>
<td>21 &#8211; 1000</td>
<td>1001 &#8211; 3000</td>
<td>&gt;3000</td>
</tr>
<tr>
<td>Est. Time(days)</td>
<td>3</td>
<td>15</td>
<td>30</td>
<td>To be negotiated</td>
</tr>
</tbody>
</table>
</dd>
</dl>
<table>
<tbody>
<tr>
<td>
<div><b>Color</b></div>
</td>
<td colspan="3">
<div>Beige/Optional colors</div>
</td>
</tr>
<tr>
<td>
<div><b>Frequency Range</b></div>
</td>
<td colspan="3">
<div>200-5000Hz 200-5000Hz</div>
</td>
</tr>
<tr>
<td>
<div><b>OSPL90</b></div>
</td>
<td colspan="3">
<div>Max @ 2900Hz 107.2dB<br />
HFA Avg 104.0dB</div>
</td>
</tr>
<tr>
<td>
<div><b>FOG50</b></div>
</td>
<td colspan="3">
<div>Max @ 2900Hz 50.0dB<br />
HFA Avg 51.2dB</div>
</td>
</tr>
<tr>
<td>
<div><b>Total Harmonic Wave Distortion</b></div>
</td>
<td colspan="3">
<div>&lt;= 3%</div>
</td>
</tr>
<tr>
<td>
<div><b>Reference Test Gain</b></div>
</td>
<td colspan="3">
<div>27.0dB</div>
</td>
</tr>
<tr>
<td>
<div><b>EQ Input Noise</b></div>
</td>
<td colspan="3">
<div>19.1dB</div>
</td>
</tr>
<tr>
<td>
<div><b>Battery</b></div>
</td>
<td colspan="3">
<div>A10</div>
</td>
</tr>
<tr>
<td>
<div><b>Battery capacity</b></div>
</td>
<td colspan="3">
<div>100Mah</div>
</td>
</tr>
<tr>
<td>
<div><b>Working Time</b></div>
</td>
<td colspan="3">
<div>48hours</div>
</td>
</tr>
<tr>
<td>
<div><b>Size</b></div>
</td>
<td colspan="3">
<div>20mm x 14mm</div>
</td>
</tr>
<tr>
<td>
<div><b>Hearing Loss</b></div>
</td>
<td colspan="3">
<div>Moderate,Severe</div>
</td>
</tr>
<tr>
<td>
<div><b>Certifications</b></div>
</td>
<td colspan="3">
<div>CE,ROHS,ISO13485(Medical CE),Free Sale(CFS)</div>
</td>
</tr>
</tbody>
</table>
</div>
</div>
<p>The post <a rel="nofollow" href="/product/ear-machine-for-deaf-invisible-medical-ear-mini-cic-hearing-aids-for-sale/">JH-A17 Ear Machine For Deaf Invisible Medical Ear Mini CIC Hearing Aids For Sale</a> appeared first on <a rel="nofollow" href="/">Audisound</a>.</p>
]]></content:encoded>
							<wfw:commentRss>/product/ear-machine-for-deaf-invisible-medical-ear-mini-cic-hearing-aids-for-sale/feed/</wfw:commentRss>
		<slash:comments>0</slash:comments>
							</item>
		<item>
		<title>Ear Health Personal Sound Amplifier Rechargeable Hearing Aids 909</title>
		<link>/product/ear-health-personal-sound-amplifier-rechargeable-hearing-aids-909/</link>
				<comments>/product/ear-health-personal-sound-amplifier-rechargeable-hearing-aids-909/#respond</comments>
				<pubDate>Wed, 30 Oct 2019 09:34:03 +0000</pubDate>
		<dc:creator><![CDATA[christian]]></dc:creator>
		
		<guid isPermaLink="false">/?post_type=product&#038;p=1248</guid>
				<description><![CDATA[<p>1. Using low noise microphone, balanced armature loudspeaker and high sound gain integrated amplifier chip to make a clear sound quality. 2. Touch-tone hearing aid, comfortable touching feeling, and easy operation. 3. Built-in rechargeable hearing aid Li-battery for reuse. 4. Beautiful design, small size, and portable. 5. MCU control, charging protection. 6. The multifunctional key, &#8230;</p>
<p class="read-more"> <a class="" href="/product/ear-health-personal-sound-amplifier-rechargeable-hearing-aids-909/"> <span class="screen-reader-text">Ear Health Personal Sound Amplifier Rechargeable Hearing Aids 909</span> Read More &#187;</a></p>
<p>The post <a rel="nofollow" href="/product/ear-health-personal-sound-amplifier-rechargeable-hearing-aids-909/">Ear Health Personal Sound Amplifier Rechargeable Hearing Aids 909</a> appeared first on <a rel="nofollow" href="/">Audisound</a>.</p>
]]></description>
								<content:encoded><![CDATA[<p>1. Using low noise microphone, balanced armature loudspeaker and high sound gain integrated amplifier chip to make a clear sound quality.<br />
2. Touch-tone hearing aid, comfortable touching feeling, and easy operation.<br />
3. Built-in rechargeable hearing aid Li-battery for reuse.<br />
4. Beautiful design, small size, and portable.<br />
5. MCU control, charging protection.<br />
6. The multifunctional key, not only used as a power switch but as a volume adjuster.<br />
7. USB charging interface in a hearing aid charging base, very convenient for charging.</p>
<p>The post <a rel="nofollow" href="/product/ear-health-personal-sound-amplifier-rechargeable-hearing-aids-909/">Ear Health Personal Sound Amplifier Rechargeable Hearing Aids 909</a> appeared first on <a rel="nofollow" href="/">Audisound</a>.</p>
]]></content:encoded>
							<wfw:commentRss>/product/ear-health-personal-sound-amplifier-rechargeable-hearing-aids-909/feed/</wfw:commentRss>
		<slash:comments>0</slash:comments>
							</item>
		<item>
		<title>Super Mini Ear Sound Voice Amplifier Deaf Hearing Aid JH-907</title>
		<link>/product/super-mini-ear-sound-voice-amplifier-deaf-hearing-aid-jh-907/</link>
				<comments>/product/super-mini-ear-sound-voice-amplifier-deaf-hearing-aid-jh-907/#respond</comments>
				<pubDate>Wed, 30 Oct 2019 08:50:14 +0000</pubDate>
		<dc:creator><![CDATA[christian]]></dc:creator>
		
		<guid isPermaLink="false">/?post_type=product&#038;p=1236</guid>
				<description><![CDATA[<p>Type:Mini ITE Hearing Aids Frequency Range:200-5000Hz Total Harmonic Wave Distortion:&#60;= 3% Reference Test Gain:Target 22.9dB EQ Input Noise:33.4dB Response Limit (63.0dB)F1 &#60; 200 F2 = 3422Hz Battery:A10Battery capacity:68MahWorking Time:20 hoursSize:16mm x 8mm x 11mm Hearing Loss:Slight, Moderate Package:Gift box Certifications:CE,ROHS,ISO13485(Medical CE),Free Sale(CFS)Sample in 3 Days OEM/DEM Service         10 Year Experienced Medical &#8230;</p>
<p class="read-more"> <a class="" href="/product/super-mini-ear-sound-voice-amplifier-deaf-hearing-aid-jh-907/"> <span class="screen-reader-text">Super Mini Ear Sound Voice Amplifier Deaf Hearing Aid JH-907</span> Read More &#187;</a></p>
<p>The post <a rel="nofollow" href="/product/super-mini-ear-sound-voice-amplifier-deaf-hearing-aid-jh-907/">Super Mini Ear Sound Voice Amplifier Deaf Hearing Aid JH-907</a> appeared first on <a rel="nofollow" href="/">Audisound</a>.</p>
]]></description>
								<content:encoded><![CDATA[<ul>
<li>Type:Mini ITE Hearing Aids</li>
<li>Frequency Range:200-5000Hz</li>
<li>Total Harmonic Wave Distortion:&lt;= 3%</li>
<li>Reference Test Gain:Target 22.9dB</li>
<li>EQ Input Noise:33.4dB</li>
<li>Response Limit (63.0dB)F1 &lt; 200</li>
<li>F2 = 3422Hz</li>
<li>Battery:A10Battery capacity:68MahWorking Time:20 hoursSize:16mm x 8mm x 11mm</li>
<li>Hearing Loss:Slight, Moderate</li>
<li>Package:Gift box</li>
<li>Certifications:CE,ROHS,ISO13485(Medical CE),Free Sale(CFS)Sample in 3 Days</li>
<li>OEM/DEM Service         10 Year Experienced Medical Manufacture</li>
</ul>
<p>The post <a rel="nofollow" href="/product/super-mini-ear-sound-voice-amplifier-deaf-hearing-aid-jh-907/">Super Mini Ear Sound Voice Amplifier Deaf Hearing Aid JH-907</a> appeared first on <a rel="nofollow" href="/">Audisound</a>.</p>
]]></content:encoded>
							<wfw:commentRss>/product/super-mini-ear-sound-voice-amplifier-deaf-hearing-aid-jh-907/feed/</wfw:commentRss>
		<slash:comments>0</slash:comments>
							</item>
	</channel>
</rss>
